{
    "name": "Default_To_Shelf",
    "initial_state": [
        1.5707963267948966,
        -1.5707963267948966,
        0.0,
        0.0
    ],
    "final_state": [
        1.409861462440241,
        -0.003425391640123454,
        0.0,
        0.0
    ],
    "state_data": [
        [
            1.5707963267948966,
            -1.5707963267948966,
            0.0,
            0.0
        ],
        [
            1.5707963267948966,
            -1.5707963267948966,
            0.0984994421430969,
            -0.14033474172038193
        ],
        [
            1.5730084542045395,
            -1.5739480028223067,
            0.21600175274292108,
            -0.2059896302280506
        ],
        [
            1.5778594806470092,
            -1.5785741742847814,
            0.4603363922258686,
            0.22603259204544932
        ],
        [
            1.5881978412530784,
            -1.573497872513421,
            0.7054132841682071,
            0.6593226971965616
        ],
        [
            1.6040402057318095,
            -1.5586906230465607,
            0.9513947468932556,
            1.0924509185711968
        ],
        [
            1.6254068891812494,
            -1.5341560615143779,
            1.198475551443954,
            1.5240575837039367
        ],
        [
            1.6523225809207913,
            -1.4999283594432344,
            1.4468220897002684,
            1.9528536778535805
        ],
        [
            1.6848157071441965,
            -1.4560706374050911,
            1.6965147721816043,
            2.377627021036694
        ],
        [
            1.722916499926695,
            -1.40267323944149,
            1.9474974549328627,
            2.797258474791882
        ],
        [
            1.7666539304473132,
            -1.339851643511551,
            2.023790201416441,
            3.061488030781696
        ],
        [
            1.8121047643365218,
            -1.2710959079405448,
            1.9342131332852532,
            3.1769962884732115
        ],
        [
            1.8555438519285046,
            -1.1997460563243405,
            1.8448644433236678,
            3.2840051584748164
        ],
        [
            1.896976322202791,
            -1.1259929702363316,
            1.7548385798034059,
            3.3816681210817174
        ],
        [
            1.9363869670104212,
            -1.0500465426210528,
            1.6632269756438722,
            3.46919467632076
        ],
        [
            1.9737401733544053,
            -0.9721344196876698,
            1.5691556119959267,
            3.5459074025748034
        ],
        [
            2.0089806992833688,
            -0.8924994613653192,
            1.471825177984076,
            3.6113002771002747
        ],
        [
            2.0420353517036625,
            -0.8113958919803236,
            1.3705510430651922,
            3.6650958487667644
        ],
        [
            2.0728155619016344,
            -0.7290841669323818,
            1.264799322307407,
            3.707297526300908
        ],
        [
            2.101220771029801,
            -0.6458246650670783,
            1.1542148203252693,
            3.7382323925397434
        ],
        [
            2.1271424431655572,
            -0.5618704195141796,
            1.0386367843707671,
            3.75857987664052
        ],
        [
            2.150468432157112,
            -0.47745920459759866,
            0.9180992956524556,
            3.769382519494501
        ],
        [
            2.171087357257774,
            -0.39280538097275153,
            0.7928147230449994,
            3.7720369505315423
        ],
        [
            2.1888926071591284,
            -0.30809194340930196,
            0.6631406967613432,
            3.7682657899820082
        ],
        [
            2.203785602309901,
            -0.22346319960058847,
            0.5295331152644687,
            3.7600740048738492
        ],
        [
            2.2156780018512032,
            -0.13901842914199541,
            0.3924893137780785,
            3.7496956841180946
        ],
        [
            2.2244926342146427,
            -0.054806737848971616,
            0.25248631956949086,
            3.739538685440101
        ],
        [
            2.2301630410407336,
            0.02917684479082333,
            0.06472433940363423,
            3.45917955496271
        ],
        [
            2.2316166379588855,
            0.1068640453906607,
            -0.14300485001144583,
            2.9775627917634577
        ],
        [
            2.228404995922966,
            0.17373496498970195,
            -0.32770941101178325,
            2.5184719739219696
        ],
        [
            2.221045208335756,
            0.23029549743074362,
            -0.4921007156127714,
            2.0798733049170446
        ],
        [
            2.209781345821239,
            0.27790243278141996,
            -0.6420157117613651,
            1.6513734126278572
        ],
        [
            2.195086027403679,
            0.3157012867351358,
            -0.7771796066804643,
            1.2393046528383689
        ],
        [
            2.1772968961120616,
            0.34406815713438516,
            -0.9007843782426309,
            0.8413334393135565
        ],
        [
            2.156678532696118,
            0.36332572756380044,
            -1.015873900603845,
            0.45537522321887947
        ],
        [
            2.133425845623226,
            0.37374896765285665,
            -1.125315488755083,
            0.07963926929561521
        ],
        [
            2.107668112401858,
            0.3755718582758504,
            -1.23179829744897,
            -0.287358779672584
        ],
        [
            2.0794730575525433,
            0.3689944043442746,
            -1.337845606421218,
            -0.6468014859931237
        ],
        [
            2.0488506493781773,
            0.3541895426942743,
            -1.4458326042010194,
            -0.9995809388802668
        ],
        [
            2.015756489674576,
            0.3313097908251628,
            -1.5580042271192975,
            -1.346309713449358
        ],
        [
            1.980094795117833,
            0.300493644793737,
            -1.676489373787528,
            -1.6873264421978524
        ],
        [
            1.9417210532915812,
            0.2618718495809761,
            -1.7952364672920726,
            -1.7305511211148494
        ],
        [
            1.9006292684044952,
            0.22226066982386755,
            -1.913275601358555,
            -1.6022417991278948
        ],
        [
            1.8568356451836519,
            0.18558640626440986,
            -2.032160003270728,
            -1.4668772175974565
        ],
        [
            1.8103208360025655,
            0.1520105491641995,
            -2.1361978281130938,
            -1.3215702477013
        ],
        [
            1.7614246692703392,
            0.12176067326972406,
            -1.9844065436605518,
            -1.1485187402231576
        ],
        [
            1.7160029054493595,
            0.0954718328430323,
            -1.8355179584386503,
            -0.9906832673165532
        ],
        [
            1.6739891036587229,
            0.07279574283597136,
            -1.6896362024364602,
            -0.8467941503201963
        ],
        [
            1.63531443955037,
            0.05341318031191988,
            -1.5467667098367879,
            -0.715618826913153
        ],
        [
            1.5999099643913601,
            0.03703313487710821,
            -1.40684014053056,
            -0.5959706849174112
        ],
        [
            1.5677083165983532,
            0.02339175691199321,
            -1.269731726514978,
            -0.4867145501038952
        ],
        [
            1.538644990445733,
            0.012251180190355362,
            -1.1352767407445996,
            -0.38676944002037206
        ],
        [
